{"_wandb":{"runtime":63487},"_timestamp":1.732559210338154e+09,"_runtime":1102.029528,"_step":226,"loss":5.048079490661621}