{"_runtime":617.640943,"_wandb":{"runtime":631},"_step":135,"loss":3.1610963344573975,"_timestamp":1.73262268852937e+09}