{"_wandb":{"runtime":11},"_runtime":8.078845,"_step":1,"loss":4.2376179695129395,"_timestamp":1.732558045929808e+09}