{"_timestamp":1.732633721197952e+09,"_wandb":{"runtime":5347},"_runtime":5336.41171,"_step":69,"loss":1.8221917152404785}